,Topic,Response,TestVersion,TestId,TotalTime,UserName,Prompt,PromptLevel,Ratingposition,FinalRating,Score,Rater1_Id,Rater2_Id,Rater3_Id,Rater4_Id,DateOfExam,MachineScore
9,CLUBS,,B2,3691822,10,T4719164,Your friend in Spain wrote an email asking for your help on how to start a club at school. She wants to write a letter to the principal and asked you for ideas about what to write.Write a sample letter for your penpal to a school principal about starting a club. Use an appropriate greeting and closing to your letter. In two well-developed^ organized paragraphs^ be sure to address the following:		Explain to the principal that students want to start a club. Describe in detail what kind of club they want to start and why.			Describe how this club will make a positive impact on the school. Provide lots of information and details explaining what kinds of activities and projects the members of the club will do and how they will positively affect the school and students.	,A,1,I1,A-NE,3543,,,,2021-06-20,3-A-NE
11,CLUBS,<p>Estomado Principal:</p><p>A mis compañeros y a mí nos gustaría iniciar un club de música.  El club de música se llevaría a cabo después de la escuela y sería un lugar para que los estudiantes se expresaran.  Los estudiantes pueden traer sus instrmentos para tocar entre ellos.  También usaríamos la sala de la banda para tener instrumentos adicionales a mano en caso de que un estudiante quiera tomar prestado un instrumento o aprender uno nuevo.  Me encanta tocar la guitarra^ pero no tengo a nadie en casa con quien tocar^ así que esto daría oportunidades para que otros estudiantes como yo vengan a tocar con otras personas.</p><p>Un club de música como este sería muy beneficioso para la escuela.  Creo que un club como este no solo aumentaría la felicidad en la escuela entre los estudiantes^ sino que también acercaría a los estudiantes.  En este club los estudiantes podrían conocer gente nueva y hacer muchos nuevos amigos.  Se les asignarían proyectos para trabajar con gente nueva y escribir una canción.  Al final del año podríamos reunir a todos los grupos para compartir canciones y hacer un concierto.  Incluso podemos hacer que los padrias asistan y escuchen.</p><p>Sinceramente Josh</p>,B2,3745356,45,B4783089,Your friend in Spain wrote an email asking for your help on how to start a club at school. She wants to write a letter to the principal and asked you for ideas about what to write.Write a sample letter for your penpal to a school principal about starting a club. Use an appropriate greeting and closing to your letter. In two well-developed^ organized paragraphs^ be sure to address the following:		Explain to the principal that students want to start a club. Describe in detail what kind of club they want to start and why.			Describe how this club will make a positive impact on the school. Provide lots of information and details explaining what kinds of activities and projects the members of the club will do and how they will positively affect the school and students.	,A,1,I5,A-MM,473,,,,2021-06-20,2-A-SE
12,CLUBS,<p>Hola Principio^</p><p>Nos gustaría iniciar un club de ajedrez. El club de ajedrez le daría a los estudiantes en compeciones. Nos gustaría comenzar esto ya que es importante que los estudiantes aprendan ajedrez. El Ajedrez involucra el pensamiento crítico que es una habilidad útil para los estudiantes.</p><p>El club ajedrez tendrá un impacto positivo en la escuela. Aprender ajedrez será una buena habilidad para la vida. Se dice que para ser acadèmico debe jugar al ajedrez. El Ajedrez desafía la mente y crea pensiamiento. Los estudiantes se beneficiarán de esto y usarán estas habilidadas en el trabajo escolar. El club de ajedrez será una buena adición a nuestra escuela.</p><p>Cielo Despejado^<br></p><p>Roberto</p>,B2,3707452,70,J4737468,Your friend in Spain wrote an email asking for your help on how to start a club at school. She wants to write a letter to the principal and asked you for ideas about what to write.Write a sample letter for your penpal to a school principal about starting a club. Use an appropriate greeting and closing to your letter. In two well-developed^ organized paragraphs^ be sure to address the following:		Explain to the principal that students want to start a club. Describe in detail what kind of club they want to start and why.			Describe how this club will make a positive impact on the school. Provide lots of information and details explaining what kinds of activities and projects the members of the club will do and how they will positively affect the school and students.	,A,1,I5,A-MM,3400,,,,2021-06-20,2-A-SE
13,CLUBS,<p>Hola^ </p><p>Los ninos de tu esculla quieren una club de diversidad. Porque de los eventos en el mundo^ los estudiantes son enjoado y frustrado. No es possible para ellos a ayudar personas que viven en otros países y es dificil para los adoclesentes a ver todos de los problemas en sus telefones mientras ellos saben que es impossible a ayudar. Porque de esto^ los estudiantes queiren a trabajo en un club. Es una solucion a sus problemas^ proque en esté club es possible para ellos a ayudar el mundo. </p><p>En esté club es possible para estudiantes normales a ayudan y cambio el mundo. Pero^ ¿como es possible? Simplimente en esté club los estudiantes quieren a hablar de los problemas social y trabajo en su escuella así que otros estudiantes tienes informacion de los problemas. Conversacion es muy importante en los problemas social^ mas de la tiempo personas no tiene informacion de la problema y porque de esto ellos no tiene una opinion. Si tu no tienes una opinion en una problema probablamente no es una problema que tu queries a ayudar.  Tambien es muy commun para muchos personas a tiene una opinion se una problema sin una educaccion en la problema. Si no hay informacion aproprado muchos personas tiene opinons problamaticos y tóxico. En esté club^ estudiantes quieren a tiene conversacion y tambien tiene un educacion en problemas de el mundo. Con este^ es possible para ellos a cambiar el mundo. </p><p>Gracias para tu tiemp. </p>,B2,3741760,19,L4776375,Your friend in Spain wrote an email asking for your help on how to start a club at school. She wants to write a letter to the principal and asked you for ideas about what to write.Write a sample letter for your penpal to a school principal about starting a club. Use an appropriate greeting and closing to your letter. In two well-developed^ organized paragraphs^ be sure to address the following:		Explain to the principal that students want to start a club. Describe in detail what kind of club they want to start and why.			Describe how this club will make a positive impact on the school. Provide lots of information and details explaining what kinds of activities and projects the members of the club will do and how they will positively affect the school and students.	,A,1,I5,A-MM,4294,,,,2021-06-20,2-A-SE
14,POP_CULTURE,,B2,3708059,50,T4738139,A group of exchange students from Mexico is coming to your school. They want to understand the trends that are currently popular in your school.Write a blog post in Spanish about what is popular in your school and community. In two well-developed^ organized paragraphs^ be sure to address the following topics:	Describe the current clothing trends in your school community. Write about what is popular for students to wear both in and outside of school.	Many communities have places where young people like to get together. Think of a place like this in your community. Tell a story about a time when you or someone you know spent time there and describe everything that happened from beginning to end.,A,1,I4,A-NE,171,,,,2021-06-20,3-A-NE
15,CLUBS,<p>Hola Principal.</p><p>Un grupo de estudiantes que incluye yo quieremos crear un club. Queremos crear un club de matematicas porque al momento no hay un club de matematicas en nuestra colegio. Todos los otros colegios en nuestra region tiene un club de matematicas^ somos en unico colegio que no tien un club de matematicas^ y creemos que es muy importante que creamos un club de matematicas por neustra colegio. </p><p>La clase de matematicas no es sufficiente matematicas por todos los estudiantes^ algunos estudiantes quiere estudiar mas matematicas para obtener mejor notas o simplemente saber mas matematicas. Si creamos este club de matematicas los estudiantes van a ser mas intelligente y van a obtener mejores notas^ mejorando la imagen del colegio. Si creamos este club vamos a formar un equipo de matematicas que participa en partidos de matematicas con otros colgios^ vamos a revisar nuestras notas y trabajo del clase^ y vamos a apprender nuevo matematicas que no apprendemos en el clase. </p><p>Gracias por todo tu ayuda^ el club de matematicas</p><p><br></p>,B2,3743142,51,K4778206,Your friend in Spain wrote an email asking for your help on how to start a club at school. She wants to write a letter to the principal and asked you for ideas about what to write.Write a sample letter for your penpal to a school principal about starting a club. Use an appropriate greeting and closing to your letter. In two well-developed^ organized paragraphs^ be sure to address the following:		Explain to the principal that students want to start a club. Describe in detail what kind of club they want to start and why.			Describe how this club will make a positive impact on the school. Provide lots of information and details explaining what kinds of activities and projects the members of the club will do and how they will positively affect the school and students.	,A,1,I5,A-MM,4428,,,,2021-06-20,1-A-M+
16,COMMUNICATIONS,<p>Los adultos y los jovenes communican en maneras similares pero que tambien son muy differentes. Los adultos usualmente communican en maneras mas formales que los jovenes. Los jovenes usualmente communican en maneras menos formales que los adultos. Los jovenes algunos veces usan lenguaje que raro o usan grammatico que no es correcto. Los adultos intentan a jusar grammatico correcto y lenguaje que es facil para entender para que se pueden communicar bien con otras personas. Los jovenes se hablan mas con sus amigos y menos con estranjeros^ y por eso no se ponen tanto attencion al grammatico que los adultos.\<br></p><p>Cuando hablo con otros jovenes de mi edad que conozco usa lenguaje que es muy facil y rapido para decir. No pongo tanto attencion para ver si he usado el tenso correcto o si he usado el palabra en la manera correcto. Solo quiero communicar mi mensaje en la manera mas facil para mi. Una vez cuando estaba hablando con mi professora olvide con quien estaba hablando y uso la lenguaje que usualmente uso con mis amigos. Cuando hablo con mis amigos solo digo sus nombres cuando quiero llamarlos. Por accidente dici el nombre de my professora y me olvide de decir Senora. Ella enfado mucho porque mo es muy respetable llamar un adulto que no es su amigo por nombre sin decir Senor o Senora.</p>,B2,3743142,51,K4778206,In your Spanish&nbsp:class^ you have been discussing communication. Your teacher assigned you to write a brief essay comparing and contrasting the differences in the way teens and adults communicate.&nbsp: In two well-developed and organized paragraphs^ write an essay in which you:	Describe the key differences in how adults and teens communicate where you live. What means of communication do they typically use?&nbsp:Explain how these ways of communicating can affect the language and ideas expressed by the adults and teens.	Provide an example from the past that highlights the differences in communication that you identified. Describe in as much detail as you can what happened and what was the result of this communication.,A,1,I5,A-MM,4428,,,,2021-06-20,2-A-SE
17,COMMUNICATIONS,<br><p>En el tiempo de technologia^ la tipo de comunicacion commun es muy differente de la tipo de comunicacion de la pasado. Porque de esto^ la moda de comunicacion de adultos es muy differente a la moda de comunicacion de los adolecentes. Pero^ porque de la poplularidad de la telephone movil^ es necessario para adultos a usar una tipo de comunicacion different de sus pasado. No es una problema muy grande^ pero tambien no es pequna. Es dificil para comunicacion perfecta con adultos y adoclecentes porque adolecentes usar telephones a escribio sus amigos como ellos hablar^ pero adultos usar sus telephones como ellos son escirbiando una letra. Es possible para los adolecentes a usar emocions en sus textos y ellos tambien puedan leer los emmociones en un texto. Pero con adultos no es possible. Ellos escribio muy efficonados^ pero no es mucha emocion a los adolecentes. O en otros palabras^ la emocion que ellos escribio es en una otra lingua. </p><p>Por enjemplo^ a los adultos este^ |...| es como este |-| a los adolecentes. Asi que los palabras^ |Es peligroso...| a los adultos simplimente es informacion. Pero a los adolecentes los palabras son diciendo^ |Es peligroso proque yo quiero a assasinar tu. Despues este noche^ sus casa es con el diablo o con los dios. ¡Voy a matar tu!| Es una enjemplo muy dramatico^ pero es la effecto de la differencia en comunicacion. Mi amiga era hablando con su jefe en su telephone a saber que tiempo para ella a va a trabajo. Ella fue una nueva persona en la compania y era muy nerviosa. Pero cuando ella texto con su jefe fue horrible^ ella pensaba que su jefe no le gusta ella. Pero cuando ella va a su trabajo para la primero dia^ su jefe le gusta ella mucho! Todo fue porque de la differencia en communicacion de adultos y adolecentes. </p>,B2,3741760,19,L4776375,In your Spanish&nbsp:class^ you have been discussing communication. Your teacher assigned you to write a brief essay comparing and contrasting the differences in the way teens and adults communicate.&nbsp: In two well-developed and organized paragraphs^ write an essay in which you:	Describe the key differences in how adults and teens communicate where you live. What means of communication do they typically use?&nbsp:Explain how these ways of communicating can affect the language and ideas expressed by the adults and teens.	Provide an example from the past that highlights the differences in communication that you identified. Describe in as much detail as you can what happened and what was the result of this communication.,A,1,I5,A-SE,4294,,,,2021-06-20,1-A-M+
18,COMMUNICATIONS,<p>Donde vivo los adultos se comunican llamando por teléfono^ enviando mensajes de texto y enviando correos electrónicos.  También donde vivo los adolescentes se comunican por texto^ facetime y medios sociales. Las redes sociales pueden afectar al idioma^ ya que puede ser difícil mostrar sentimientos a través de él. La comunicación se puede cambiar y significa algo difeente con el use de esto. Es mejor utilizar las formas tradicionales de comunicación para que pueda mostrar sus expresiones.</p><p style=|text-align: left:|>Por ejemplo^ en el pasado la gentese comunicaría escribiendo cartas. Esta comunicación era difícil de mostrar sentimientos. Ahora con llamar con un teléfono es más fácil mostrar sentimientos La gente no escribe letras mucho más porque toma mucho tiempo escribirlas y enviarlas. Llamar a alguien al teléfono es mucho más fácil.<br></p>,B2,3707452,70,J4737468,In your Spanish&nbsp:class^ you have been discussing communication. Your teacher assigned you to write a brief essay comparing and contrasting the differences in the way teens and adults communicate.&nbsp: In two well-developed and organized paragraphs^ write an essay in which you:	Describe the key differences in how adults and teens communicate where you live. What means of communication do they typically use?&nbsp:Explain how these ways of communicating can affect the language and ideas expressed by the adults and teens.	Provide an example from the past that highlights the differences in communication that you identified. Describe in as much detail as you can what happened and what was the result of this communication.,A,1,I5,A-SE,3400,,,,2021-06-20,2-A-SE
28,POP_CULTURE,,B2,3708344,68,J4738436,A group of exchange students from Mexico is coming to your school. They want to understand the trends that are currently popular in your school.Write a blog post in Spanish about what is popular in your school and community. In two well-developed^ organized paragraphs^ be sure to address the following topics:	Describe the current clothing trends in your school community. Write about what is popular for students to wear both in and outside of school.	Many communities have places where young people like to get together. Think of a place like this in your community. Tell a story about a time when you or someone you know spent time there and describe everything that happened from beginning to end.,A,1,I4,A-NE,171,,,,2021-06-20,3-A-NE
34,EDUCATION,<p>En mi districto primero vaz a la escuela elemental^ usualmente entras en el kindergaden hasta el quinto. Despues te vaz a la escuela secundaria^ ahi estas por 3 años^ sexto hasta el octavo. Luego^ te vaz a la escuela prepa^ noveno hasta el ultimo año que es el doce. Para ir a le prepa tu puedes escojer a que escuela^ te puedes ir a la prepa normal de tu comunidad o a una que se llama WIndham Tech^ en la tech escojes un area que te guste^ lo bueno es que no siempre andas haciendo trabajo de la escuela^ lo malo es que tienes que usar uniforme.</p><p>Despues de la Prepa los estudiantes usualmente se van al colegio^ ahi escogen algo para estudiar y lo estudian por 4 años. Si no quieren ir al colegio las personas usualmente se ponen a trabajar. Mi hermano mayor^ va a ir al colegio a estudiar Manifactura. </p>,B2,3708344,68,J4738436,The students in your partner school in Madrid want to learn more about students and education in your community.In two well-developed^ organized paragraphs^ write an email in which you address the following:	Describe the different types of schools and education options that are available in your community. Explain the pros and the cons of the different schooling options where you live.	Explain what students typically will do after they finish high school. Describe in detail the different paths students^ or someone you know^ will take after they graduate. Include as much information as possible.,A,1,I4,A-SE,171,,,,2021-06-20,2-A-SE
35,EDUCATION,<p>Mi sistema escolar es bastante facil^ solo entra a clase tomas 7 clases al dia y tienes el almuerzo y sala de estudio^ asi que si necesitas ponerte al dia con las clases^ puedes estudiar. Los estudiantes duspues de terminar escuela secundaria se toman en descanso y piensan que quieren hacer si ir a trabajar o ir a la universidad. Los pros y los contras de tener un descando de estudio es que te puedes distraer muy rapido y un pro es que puedes subir las notas si hace la tarea bien </p>,B2,3708059,50,T4738139,The students in your partner school in Madrid want to learn more about students and education in your community.In two well-developed^ organized paragraphs^ write an email in which you address the following:	Describe the different types of schools and education options that are available in your community. Explain the pros and the cons of the different schooling options where you live.	Explain what students typically will do after they finish high school. Describe in detail the different paths students^ or someone you know^ will take after they graduate. Include as much information as possible.,A,1,I4,A-SE,171,,,,2021-06-20,2-A-SE
36,LANGUAGE ARTS,<p>Los </p>,B2,3708059,50,T4738139,You have been asked to contribute a book review to the online school newspaper^ which will be read by students in Colombia.Write a short review in Spanish about your favorite book^ or a book you recently read for school. In two well-developed^ organized paragraphs^ be sure to do the following:	Summarize the plot. What happened in the book? Include anything that the characters did that was interesting or unexpected.	Explain what you liked about the book and what you think could be better. Provide information that will help the reader decide if this book is worth reading or not.,A,1,I4,A-NE,171,,,,2021-06-20,3-A-NE
37,LANGUAGE ARTS,,B2,3708344,68,J4738436,You have been asked to contribute a book review to the online school newspaper^ which will be read by students in Colombia.Write a short review in Spanish about your favorite book^ or a book you recently read for school. In two well-developed^ organized paragraphs^ be sure to do the following:	Summarize the plot. What happened in the book? Include anything that the characters did that was interesting or unexpected.	Explain what you liked about the book and what you think could be better. Provide information that will help the reader decide if this book is worth reading or not.,A,1,I4,A-NE,171,,,,2021-06-20,3-A-NE
40,COMMUNICATIONS,<p>Los adolescentes y los adultos se comunican de muchas formas differentes.  Una de las principales diferencias en la comunicación son las aplicaciones que utilizan para comunicarse.  La mayoría de los adultos usan Facebook y los mensajes de texto para comunicarse^ mientras que los adolescentes usan Instagram y Snapchat.  La mayor diferencia entre las aplicaciones es que los mensajes de texto y los mensajes de Facebook se basan en hablar y escribir^ mientras que Instagram y Snapchat se basan en imágenes.  Esto crea una gran diferencia en las técnicas de escritura de adultos y adolescentes.  Los adultos usan oraciones completas y hablan completamente porque están acostumbrados a hablar completamente cuando hablan o envían mensajes de texto.  Los adolescentes^ sin embargo^ están acostumbrados a comunicarse a través de imágenes.  Instagram y Snapchat se utilizan para publicar imágenes en línea y usar textos breves o leyendas junto con las imágenes. Esto influye en los adolescentes para que utilicen palabras cortas y jergas como idk o lol.</p><p>Vemos esta principal diferencia en el pasado en la forma en que los adultos crecieron frente los adolescentes.  Los adultos no tenían despositivos electrónicos como teléfonos mobiles o tabletas para enviar mensajes de texto o publicar fotos.  Todo lo que tenían para comunicarse era un teléfono en la pared o hablar en persona.  Los niños ahora obtienen teléfonos cuando son muy pequeños y aprenden a enviar mensajes de texto y fotos muy rápidamente.  Esto cambia drásticamente la forma en que los niños y los adultos comunican. </p>,B2,3745356,45,B4783089,In your Spanish&nbsp:class^ you have been discussing communication. Your teacher assigned you to write a brief essay comparing and contrasting the differences in the way teens and adults communicate.&nbsp: In two well-developed and organized paragraphs^ write an essay in which you:	Describe the key differences in how adults and teens communicate where you live. What means of communication do they typically use?&nbsp:Explain how these ways of communicating can affect the language and ideas expressed by the adults and teens.	Provide an example from the past that highlights the differences in communication that you identified. Describe in as much detail as you can what happened and what was the result of this communication.,A,1,I5,A-SE,473,,,,2021-06-20,1-A-M+
41,COMMUNICATIONS,,B2,3691822,10,T4719164,In your Spanish&nbsp:class^ you have been discussing communication. Your teacher assigned you to write a brief essay comparing and contrasting the differences in the way teens and adults communicate.&nbsp: In two well-developed and organized paragraphs^ write an essay in which you:	Describe the key differences in how adults and teens communicate where you live. What means of communication do they typically use?&nbsp:Explain how these ways of communicating can affect the language and ideas expressed by the adults and teens.	Provide an example from the past that highlights the differences in communication that you identified. Describe in as much detail as you can what happened and what was the result of this communication.,A,1,I1,A-NE,3543,,,,2021-06-20,3-A-NE
55,FAMOUS PERSON,,B2,3691822,10,T4719164,Your Spanish teacher has given you an assignment. You must write a letter to a famous Spanish-speaking person that you find interesting and invite them to speak at your school.Think of a famous Spanish-speaking person that you find interesting. Write a letter to them using&nbsp:an appropriate greeting and closing to your letter. In two well-developed^ organized paragraphs^ be sure to address the following:	Explain why you are inviting this person to come to your school to present to the students and teachers.	Describe what the person will do when they visit your town and school. Describe with lots of detail^ from beginning to end^ what the person will do during their visit.,A,1,I1,A-NE,3543,,,,2021-06-20,3-A-NE
56,FAMOUS PERSON,<p>Estimada Rigoberta Menchu:<br></p><p>Te escribo esta carta para invitarte formalmente a presentarte en mi escuela.  Voy a Bacon Academia en Colchester Connecticut.  Me gustaría invitarte a hablar porque creo que la historia de tu vida es una de las historias más inspiradoras que he escuchado.  Ha dedicado toda su vida a ayudar a todos los que ha podido.  Has luchado por la libertad de miliones de personas en todo el mundo y espero que mis compañeros puedan aprender de ti y sentirse inspirados para ayudar a otras personas con sus vidas. Incluso si lo único que hacen es ayudar a limpiar la basura de la ciudad o si protestan contra la discriminación. Cualquier cosa que hagan para ayudar es más que suficiente y creo que si vinieras a hablar^ más de una persona se inspiraría.</p><p>Cuando vengas a nuestra ciudad^ puedes hablar con más que solo los estudiantes.  Hay un escenario que se puede instalar en el centro de la ciudad en el que la gente suele escuchar conciertos.  Podemos dejar que se pare en el escenario y hable con toda la comunidad.  Puedes inspirar no solo a los estudiantes de nuestra ciudad sino a toda la gente.  Puede visitar muchos de los sitios históricos de nuestra ciudad y aprender sobre nuestra historia como nosotros hemos aprendido sobre la suya.  Creo que realmente disfrutará de su tiempo aquí y todos se beneficiarán de que venga</p><p>Sinceramente Josh</p>,B2,3745356,45,B4783089,Your Spanish teacher has given you an assignment. You must write a letter to a famous Spanish-speaking person that you find interesting and invite them to speak at your school.Think of a famous Spanish-speaking person that you find interesting. Write a letter to them using&nbsp:an appropriate greeting and closing to your letter. In two well-developed^ organized paragraphs^ be sure to address the following:	Explain why you are inviting this person to come to your school to present to the students and teachers.	Describe what the person will do when they visit your town and school. Describe with lots of detail^ from beginning to end^ what the person will do during their visit.,A,1,I5,A-MF,473,,,,2021-06-20,2-A-SE
57,FAMOUS PERSON,<p>Querido Messi^</p><p>Me gustaría invitarles a mi escuela a presentar sobre el fútblo. Nos gustaría motivación y consejos sobre cómo mejorar nuestras habilidades futbolísticas. Todos podemos aprender mucho de lo que usted tiene que decir. Todos nosotros los idolatramos por lo que han llegado a ser y les gustaría escuchar su historia.</p><p>Cuando usted venga por primera vez le daremos un paseo por la escuela. Luego tomaremos fotos con usted y tendremos una conversación. Entonces usted dará su discurso delante de toda la escuela. Después almorzaremos y se reunirá con funcionarios de la ciudad^ Por último^ tendremos una fiesta de pizza y luego se puede ir.<br></p><p>Sinceramente^</p><p>Tomas</p>,B2,3707452,70,J4737468,Your Spanish teacher has given you an assignment. You must write a letter to a famous Spanish-speaking person that you find interesting and invite them to speak at your school.Think of a famous Spanish-speaking person that you find interesting. Write a letter to them using&nbsp:an appropriate greeting and closing to your letter. In two well-developed^ organized paragraphs^ be sure to address the following:	Explain why you are inviting this person to come to your school to present to the students and teachers.	Describe what the person will do when they visit your town and school. Describe with lots of detail^ from beginning to end^ what the person will do during their visit.,A,1,I5,A-MM,3400,,,,2021-06-20,2-A-SE
58,FAMOUS PERSON,<p>Hola^ </p><p>Soy una estudiante en una escuella muy pequena y rural. En mi pueblo do hay mucho diversidad y yo pienso que es muy importante para los jovenes a tiene experiancias donde ellos ven que el mundo tiene mucho diversidad. En mi opinion^ que es necessario es para personas a ven que todos personas son similar. Ellos pensaban que sus experiancias son uniquo^ pero no es cierto. Personas en latin americano tambien tiene experiencias similar. Para empatia a exsisten^ es necassario para ellos a ven que humanos son humanos^ y si ellos ven sus experiencias en gente que son differentes a ellos^ mi esperanza es que ellos aprender la empatia.</p><p>Mi pubeblo es muy pequena y no es muy bonita^ pero es en montanas que son muy bonitas. Es perfecta para una vacacion^ y si tu visitar mi esculla^ tu hablar a ninos que tiene cinco anos y tambien adoclectes que tiene diez y siete anos. En mi escuella para personas que hablar a los estudiantes^ hay una desayuno en la esculla formal con comida local. La comida de la resturante Dunkin Donuts es muy popular con los personas que hablar en mi escuella. Pero mas importante^ es una oportunidad para to a hablar con ninos y ninas de inspiracion. </p><p>Muchos gracias para tu tiempo. </p>,B2,3741760,19,L4776375,Your Spanish teacher has given you an assignment. You must write a letter to a famous Spanish-speaking person that you find interesting and invite them to speak at your school.Think of a famous Spanish-speaking person that you find interesting. Write a letter to them using&nbsp:an appropriate greeting and closing to your letter. In two well-developed^ organized paragraphs^ be sure to address the following:	Explain why you are inviting this person to come to your school to present to the students and teachers.	Describe what the person will do when they visit your town and school. Describe with lots of detail^ from beginning to end^ what the person will do during their visit.,A,1,I5,A-MM,4294,,,,2021-06-20,2-A-SE
59,FAMOUS PERSON,<p>Hola Bad Bunny^<br></p><p>Me gusta su musica mucho y mis amigos^ mi familia^ mis professores^ y los demas de mi escuela y mi pueblo les gustan su musica tambien. Creo si venga a nuestra colegio seria una buena experiencia por usted y por todas las personas de mi colegio y de mi pueblo. Nuestra pueblo es una pueblo muy bonita^ y nuestra colgio es muy buena. Creo que usted le gustaria mucho. Estoy invitando a usted a venir a mi escuela.</p><p>Usted esta un rapero y si venga mi colegio puede performar para todos los estudiantes y professores de mi colegio. Tenemos un gimnasio muy grande donde todo el colegio puede sentir para escuchar su musica. Nos pagamos por todos usted solo tiene que venir y perfomar. Creo que seria una buena experienca para todos incluido. Puede dormir en el hotel de nuestra pueblo y comer de algunos de las restaurantes de nuestra pueblo. Nos ojalamos que usted le venga a nuestra pueblo para perfomar por el colegio.</p><p>Muchas gracias </p>,B2,3743142,51,K4778206,Your Spanish teacher has given you an assignment. You must write a letter to a famous Spanish-speaking person that you find interesting and invite them to speak at your school.Think of a famous Spanish-speaking person that you find interesting. Write a letter to them using&nbsp:an appropriate greeting and closing to your letter. In two well-developed^ organized paragraphs^ be sure to address the following:	Explain why you are inviting this person to come to your school to present to the students and teachers.	Describe what the person will do when they visit your town and school. Describe with lots of detail^ from beginning to end^ what the person will do during their visit.,A,1,I5,A-SE,4428,,,,2021-06-20,2-A-SE
3,DAILY_SCHEDULE_ROUTINE,<p>Hola^ </p>,B2,3691822,10,T4719164,You are working on a project for your Social Studies class about the differences in schedules for teens around the world. You decide to write to your penpal in Spain to find out more about his weekly schedule.Write an email to your penpal. Ask him lots of questions to learn about what he does each week. Ask him about his school schedule and other activities that he does regularly.,I,1,I1,I-NE,3543,,,,2021-06-20,4-I-NE
4,ART,<p>La ciudad nuesta es una ciudad muy artistica. Puedes encontrar arte en todos partes de la ciudad. Por los edificios^ en el calle^ en museos^ en restaurantes^ todo el ciudad esta cubierto del arte. Uno de las lugares mas populares de verte arte es el museo del arte de la ciudad. Esta en la calle centro de la ciudad y es un eidficio muy grande y iconico. Puedes ir por gratis cada viernes. Adentro de este museo hay un gran variedad de arte. Hay arte de nuestra ciudad y nuestra estado^ y tambien de otros partes del mundo. Hay pinturas^ esculbturas^ y exibitos. Hay algiuen para todos. Un otro lugar donde puedes ver arte es en las calles del ciudad. Hay grafiti en muchos de los edificios hecho por artistas locales. Algunas los le gustan el grafiti pero es una forma de arte muy integral a la ciudad. A mi me gusta las pinturas de la vida. En el museo de arte hay muchas pinturas de la vida normal de gente. Hay pinturas de gente trabajando y jugando y creo que es muy facinante para ver como viven otras personas.</p>,B2,3743142,51,K4778206,Your Spanish teacher asked you to write a post for your class blog about local art for exchange students coming to your town from Madrid.Write a blog entry in which you explain where you can see art in your town or school and what kind of art you prefer and why. Give as much information as you can.,I,1,I5,,4428,,,,2021-06-20,1-I-MF
5,ART,<p>En mi publo^ no es un gran cultura de arté^ es commun en publas pequenas de los estados unidos. Hay arte^ pero mas de la tiempo la arte exsiten en escullas o en locacions historical. Y mas de la tiempo es arte natural de los montanas o la lago. Es arte muy bonita y muy bien^ pero solo es una tipo de arte. Si tu queires muchos tipos de arte no es possible en mi pueblo. Pero no es impossible. </p><p>En mi escuella^ la proffessora de arte es una mejor que viajado mucha asi que es natural para ella a ve muchos typos de arte. Ella pensaba que la experiencia de viendo muchos tipos de arte de muchos culturas es necsessario para todos de su estudiantes. Asi que ella toma los estudiantes de mi escuella a la ciudad en mi region y a la ciudad de Nueva York. En los ciudads es possible a ver muchos tipos de arte y culturas differente. En mi opinion es una experiencia muy importante. </p><p><br></p>,B2,3741760,19,L4776375,Your Spanish teacher asked you to write a post for your class blog about local art for exchange students coming to your town from Madrid.Write a blog entry in which you explain where you can see art in your town or school and what kind of art you prefer and why. Give as much information as you can.,I,1,I5,,4294,,,,2021-06-20,1-I-MF
6,ART,<p>Hola clase^ en la ciudad podemos ver arte en el museo de arte contemporáneo. Allí encontrará un montón de obras de arte de artistas locales^ así como arte de artistas de renombre mundial. En nuestra escuela el arte puede ser encontrado en la clase de arte^ de los estudiantes en la escuela. Hay un montón de arte en los pasillos también en la escuela. Mi tipo de arte favorito es el arte del color del aqua^ me gusta esto ya que es muy hermoso. Muchas obras de arte en color agua se pueden encontrar en toda la escuala y el museo.</p>,B2,3707452,70,J4737468,Your Spanish teacher asked you to write a post for your class blog about local art for exchange students coming to your town from Madrid.Write a blog entry in which you explain where you can see art in your town or school and what kind of art you prefer and why. Give as much information as you can.,I,1,I5,,3400,,,,2021-06-20,1-I-MF
7,ART,<p>Quierdo Usario^</p><p>Si está interesado en el arte^ este sería un gran lugar para visitar.  En la galería^ puedes ver todo tipo de arte.  Algunos estudiantes han optado por un enfoque más típico del arte y han realizado pinturas o dibujos sencillos.  Otros han tenido ideas más complejas donde construyeron modelos para mostrar la belleza de la arquitectura.   Personalmente^ prefiero las ideas más abstractas del arte como la arquitectura y la naturaleza.  Encuentro esas piezas más interesantes.  Si bien no me disgustan los dibujos y pinturas regulares^ simplemente los encuentro más aburridos.  Me encanta construir modelos de muchas cosas diferentes^ como coches^ aviones^ barcos^ y edificios.  Tengo modelos de la casa blanca y el edificio de la capital en mi casa que construí.  Uno de estos modelos se exhibe en la galería y creo que deberías venir a verlo.</p>,B2,3745356,45,B4783089,Your Spanish teacher asked you to write a post for your class blog about local art for exchange students coming to your town from Madrid.Write a blog entry in which you explain where you can see art in your town or school and what kind of art you prefer and why. Give as much information as you can.,I,1,I5,,473,,,,2021-06-20,1-I-MF
8,ART,<p>En Boston^ yo veo arte en la mues de ciencias o arte fino. yo preferio el arte de pintar porque muy differente y interasante. hay algo arte en mi escuela de los estudiantes. </p>,B2,3691822,10,T4719164,Your Spanish teacher asked you to write a post for your class blog about local art for exchange students coming to your town from Madrid.Write a blog entry in which you explain where you can see art in your town or school and what kind of art you prefer and why. Give as much information as you can.,I,1,I1,I-MM,3543,,,,2021-06-20,2-I-MM
10,FAMILY,<p>Hola Lina^</p><p>A mi familia le encanta pasar tiempo juntos. Cocinamos y comemos juntos. A menudo vemos películas por la noche como familia. Vamos de vacaciones a menudo como familia. Una actividad que nos gusta jugar es el fútbol^ vamos al parque local paa esto. También nos gusta pasar tiempo con otras familias y hace actividades.</p><p>Mejor^</p><p>Luke</p>,B2,3707452,70,J4737468,Your penpal from Spain wrote you an email. She wants to know more about family life in your country.Write an email response to your penpal in which you describe how you or others spend time with family. Tell her as much as you can about the kinds of activities people enjoy doing together as a family.,I,1,I5,,3400,,,,2021-06-20,2-I-MM
19,COMMUNITY_SERVICE,<p>¡Hola! Nosotros gusta ayudar las personas. Yo soy en un grupo y nosotros ayudamos personas pobres. Nosotros vendemos comida en nuestra escuela y hacemos dinero. Nosotros usamos el dinero comprar la comida y la ropa. Por ejemplo^ en Diciembre^ nosotros hacemos doscientos dolares. Nosotros gastamos el dinero comprar abrigos y botas para las personas porque el invierno es muy frio. Yo también enseño ingles a los niños de una familia probre y no tienen bueno educación. Yo enseño ellos vocabulario inglés (colores^ deportes^ adjectivos). Mi estudiante favorito es Yaqi. Ella está amable y inteligente y tiene doce años. Yo uso mi teléfono enseñar. Me gusta niños y estoy muy feliz cuando ellos aprenden. ¡Gracias!<br></p>,A2,3703284,44,N4732191,Your Spanish club is preparing information to post on the club’s website for your sister school in Peru. The students in Peru want to know about service projects that students are doing.Write a post for the website describing the volunteer or community service activities that you or your classmates are doing. Describe the activities with lots of details. Give as much information as you can.,I,1,I4,I-MF,4294,,,,2021-06-20,1-I-MF
20,COMMUNITY_SERVICE,<p>Nos participamos en programas de servicio. Nos completamos bueno hechos para la comunidad. Reparamos cosas rota. Damos dinero a personas.</p>,A2,3721587,12,A4752297,Your Spanish club is preparing information to post on the club’s website for your sister school in Peru. The students in Peru want to know about service projects that students are doing.Write a post for the website describing the volunteer or community service activities that you or your classmates are doing. Describe the activities with lots of details. Give as much information as you can.,I,1,I1,I-MM,3389,,,,2021-06-20,3-I-SE
21,SCHOOL,<p>¡Hola amiga!</p><p>Mi escuela tiene una programa que tiene estudiantes ir a la tu escuela en Lima aprender y quiero ir pero tengo preguntas sobre tu escuela antes de voy. Me gusta jugar hockey del campo y fútbol. ¿Tu escuela tiene estes deportes? Tambien^ ¿qué clases piensas que debo ir a? Me gusta clases de ciencías y matemáticas especialmente ciencías sobre el mundo^ por ejemplo ciencías del cambio del medioambiente. ¿Tienes clases similar a estas clases en tu escuela? ¿Tu maestros son agradable porque pienso que aprendo más cuando los maestros son agradable y ayudame? Tambien^ ¿los estudiantes son agradable porque quiero hacer amigos en la escuela? ¡Estoy emocionada a ver tú! ¡No puedo espera!</p><p>¡Hasta pronto!</p>,A2,3744588,74,K4781306,Your school is offering a study abroad trip to a school in Lima^ where your penpal lives. You decide to contact her to ask her some questions about her school before your visit.Write an email to your friend telling her why you are writing.  Ask her many questions about her school in Lima. Find out as much information as you can about her school.,I,1,I4,I-MF,3389,,,,2021-06-20,1-I-MF
22,SCHOOL,<p>¿En Lima. cómo aprende en la escuela? ¿Que aprendes? ¿Donde va a  la escuela? ¿estan maestros inteligente?</p>,A2,3721587,12,A4752297,Your school is offering a study abroad trip to a school in Lima^ where your penpal lives. You decide to contact her to ask her some questions about her school before your visit.Write an email to your friend telling her why you are writing.  Ask her many questions about her school in Lima. Find out as much information as you can about her school.,I,1,I1,I-MM,3389,,,,2021-06-20,3-I-SE
23,SCHOOL,<p>Hola^</p><p>¡Estoy muy contenda! Mi escuela tiene un viaje en Lima y yo quiero ir porque yo puedo visitar tu escuela. Yo tengo muchas preguntas. ¿Es tu escuela grande o pequeña? ¿Cuántas clases tomas? Mi clase favorita es la clase de inglés. ¿Qué es tu clase favorita? En mi clase hay veintedos o veinticinco estudiantes. ¿Cuántas compañeros de clase tienes? Cerca de mi escuela hay un centro comercial. Después escuela^ my amigas y yo vamos compras. ¿Qué está cerca de tu escuela? ¿En tu escuela^ hay mucho tarea y examen? ¿Son tu profesores muy amable o muy antipático? ¿Como estan tus amigas en escuela? Yo estoy muy emocionada visitar.</p><p>Chau^<br></p><p>Jackie</p>,A2,3703284,44,N4732191,Your school is offering a study abroad trip to a school in Lima^ where your penpal lives. You decide to contact her to ask her some questions about her school before your visit.Write an email to your friend telling her why you are writing.  Ask her many questions about her school in Lima. Find out as much information as you can about her school.,I,1,I4,I-MF,4294,,,,2021-06-20,1-I-MF
26,TECHNOLOGY,<p>¡Buenas tadres!<br></p><p>En mi opinion mi cultura no es emocionado pero las tradiciones son divertidas. Mi familia celebra Channukah pues en invierno^ cuando está Channukah vamos a la casa de mi abuela en Nueva York con mis primos y tenemos una celebracíon. Apagamos las luces en un menorah y cantamos canciones sobre las noches de luz. Comemos comida similar a papas fritas y se llama latkes. Proba latkes si le gusta papas fritas porque son muy bien y similar a papas fritas. Me gusta latkes con manzanas pero otros personas le gusta los con crema agrio. Creo que latkes con manzanas es mejor que con crema agrio porque son mas rico y tienen muchas saborosas. No conozco mucho sobre tradiciones en paises hispanicos pero conozco sobre la tradicíon donde comes doces uvas para buena suerte para el año nuevo. ¿Haces esta tradicíon? Esta tradicíon me parece divertida y quiero probar. </p><p>¡Adíos! ¡Espero que nos dicemos pronto!</p>,A2,3744588,74,K4781306,Your penpal wrote to you because he wants to learn more about your culture. He wants to learn about the different customs and traditions where you are.Write an email to your penpal. Describe an activity related to a national holiday^ a local event^ or a family tradition. Tell your penpal as much as you can about it. ,I,1,I4,I-MF,3389,,,,2021-06-20,1-I-MF
27,TECHNOLOGY,<p>Un evento local es en mi pueblo es dia de viejo hogar. A la evento^ personas juga juegos y compro cosas. Una banda juege musica.</p>,A2,3721587,12,A4752297,Your penpal wrote to you because he wants to learn more about your culture. He wants to learn about the different customs and traditions where you are.Write an email to your penpal. Describe an activity related to a national holiday^ a local event^ or a family tradition. Tell your penpal as much as you can about it. ,I,1,I1,I-MM,3389,,,,2021-06-20,3-I-SE
29,TECHNOLOGY,<p>Hola^</p><p>El primero de Junio es |Childrens Day| (Dia de Niños). Es un dia para niños. Por ejemplo^ para mi hermano y yo en mi familia. En Beijing^ nosotros vamos al parque cerca de nuestra casa. Trabajadores de parque tienen muchas actividades para niños. Nosotros pescamos^ jugamos deportes^ vemos programas^ comemos y escuchamos musica. Mi hermano recibe un regalo de mis padres. Yo recibo dinero. Mi hermano tambien quiere dinero pero él es muy joven. Él tiene diez años^ yo tengo dieciséis años. </p><p>(¡Realmente^ mis padres también reciben regalos de mis abuelos! )</p><p>Chau^</p><p>Jackie</p>,A2,3703284,44,N4732191,Your penpal wrote to you because he wants to learn more about your culture. He wants to learn about the different customs and traditions where you are.Write an email to your penpal. Describe an activity related to a national holiday^ a local event^ or a family tradition. Tell your penpal as much as you can about it. ,I,1,I4,I-MF,4294,,,,2021-06-20,1-I-MF
30,CAREERS,<p>Hola Amiga^</p><p>                       espero que estes bien. Me alegra que te guste la escuela^ a mi tambien me gusta pero algunas veces me dan mucha tarea. A mi tambien me encanta ayudar a personas^ me hace sentir bien.Y porque decidiste ser maestra de espanol? me alegra que te gustaria enseÑar tu lenguaje! Cuando yo sea grande yo tambien quiero ser maestra^ pero de ingles. Yo quiero enseñar ingles porque quiero que personas que no sepan ingles aprendan. Es muy dificl aprender un nuevo lenguaje pero no es imposible.</p>,B2,3708344,68,J4738436,Your pen pal from Mexico wants to know what you want to do when you grow up. She sent you an email about how she loves school^ loves helping people^ and wants to teach Spanish.Write an email to your pen pal describing your dream job. Explain to her why you want to do this job. Be as specific as you can.,I,1,I4,I-MF,171,,,,2021-06-20,1-I-MF
31,CAREERS,<p>Mi traboja sonado es hacer una veterania porque desde chiquita me ah gustado los animales. </p>,B2,3708059,50,T4738139,Your pen pal from Mexico wants to know what you want to do when you grow up. She sent you an email about how she loves school^ loves helping people^ and wants to teach Spanish.Write an email to your pen pal describing your dream job. Explain to her why you want to do this job. Be as specific as you can.,I,1,I4,I-MM,171,,,,2021-06-20,3-I-SE
32,DIRECTIONS,<p>Primero tienes que cojer un libro de la bibloteca y decirle a la biblotecaria que quieres este libro y te lo marca que lo cojiste prestado. </p>,B2,3708059,50,T4738139,You are emailing an exchange student from Costa Rica who is new to your school. This student loves to read and wants to know how to borrow books from a library.Write an email in which you explain how to check out books from a library. Be as specific as you can and include details and instructions that will help the new exchange student check out books and use the library.,I,1,I4,I-MF,171,,,,2021-06-20,2-I-MM
33,DIRECTIONS,<p> Hola^ para sacar un libro de biblioteca necesitas una tarjeta de la biblioteca^ para sacar una tarjeta de la bibliteca necesitas una identificasion y tambien un papel que diga que vivas en el pueblo. Despues no mas entras a la biblioteca y escojes tu libro^ vaz con la que esta en el escritorio y ella te va a decir cuando le dobes de regresar. Finalmente^ te puedes ir.</p>,B2,3708344,68,J4738436,You are emailing an exchange student from Costa Rica who is new to your school. This student loves to read and wants to know how to borrow books from a library.Write an email in which you explain how to check out books from a library. Be as specific as you can and include details and instructions that will help the new exchange student check out books and use the library.,I,1,I4,I-NE,171,,,,2021-06-20,2-I-MM
38,TRAVEL,<p>Algunas formas de viajar son en carro^ avion^ y barco. Un carro es bueno en ir para vacaciones porque despues no tienes que rentar un carro cuando llegues y una razon porque es malo porque tienes que gastar mucho dinero para la gasolina . En avion es una bueno razon en viajar porque no tienes que hacer nada y sentarte hasta puedes ir pa lugares que no esta en tu pais  y la razon porque es malo es que tienes que gastar mucho dinero. Otra formas de ir en vacaciones es en un Barco. La razon porque es buena es porque puedes ver animals de mar y una razon porque es malo es porque si hay una tormenta el bote se puede hundir.</p>,B2,3708059,50,T4738139,For your Spanish class^ you are preparing a short report on travel.  Your teacher asks you to write about the following topic below for your report. Going on vacation is so much fun^ but getting there isn’t always easy.  Describe some different ways you can get to a vacation destination.  Then^ describe what is positive or negative about each way to travel.,I,1,I4,I-MF,171,,,,2021-06-20,1-I-MF
39,TRAVEL,<p>Una de las maneras de que tu puedes viajar es por avion. A muchas personas les gusta viajar en avion porque es mas rapido y toma menos tiempo^ eso es una cosa buena. Una cosa mala de viajar en avion es que algunas veces el vuelo se puede retrasar por el tiempo de afuera^ y eso puede afectar a los pasanjeros. Otra forma de que tu puedes viajar es por carro^ el carro puede ser bueno porque estas con tu familia pero tambien te vaz a tardar mas tiempo^ y tambien te puedes tardar mas tiempo porque si hay trafico en el autopista. La ultima forma que puedes viajar es por tren^ el tren puede ser una buena experencia pero es muy riduoso y usualmente es mas caro que avion.</p>,B2,3708344,68,J4738436,For your Spanish class^ you are preparing a short report on travel.  Your teacher asks you to write about the following topic below for your report. Going on vacation is so much fun^ but getting there isn’t always easy.  Describe some different ways you can get to a vacation destination.  Then^ describe what is positive or negative about each way to travel.,I,1,I4,I-MF,171,,,,2021-06-20,1-I-MF
43,COMMUNITY_SERVICE,<p>En nuestro escuela^ estamos haciendo mucho ayudar la comunidad. En el pasado fin de semana fui a el río a ayudar estudiantes limpiar el río y hacer el río mas limpio y menos sucio. Tambien en un clubo se llama |Urban Outreach| estudiantes hacen bolsas con cosas para escuela para niños con familias que no tienen dinero para cosas para escuela. El clubo de |Eco Alliance| va a la playa a limpiarla pues animals no comen plastíco. Tambien^ este clubo colecta plastíco a recicla el plastíco porque reciclando es mejor para el mundo que basura. El clubo recibe dinero para reciclar y investa el dinero en otros grupos que limpiar el mundo. Un pico estudiantes ayudan enseñar niños que necesitan educacíon especialmente como jugar fútbol. Hay muchas projectos para ayudar la communidad en nuestro escuela y estamos empiazando más cada día.</p>,A2,3744588,74,K4781306,Your Spanish club is preparing information to post on the club’s website for your sister school in Peru. The students in Peru want to know about service projects that students are doing.Write a post for the website describing the volunteer or community service activities that you or your classmates are doing. Describe the activities with lots of details. Give as much information as you can.,I,1,I4,I-MF,3389,,,,2021-06-20,1-I-MF
44,DAILY_SCHEDULE_ROUTINE,<p>Hola^ </p><p>Quiero saber como es el diario de los jovenes en tu pais. ¿Que hacen los jovenes por su dia y con su vida en tu pais? Quiero saber como es differente la vida en tu pais de la vida en mi pais. ¿Cuando despiertas que haces primero? ¿Que comes para el desayuno? ¿A que hora impieza tu colegio? ¿Nesesitas traer un uniforme al colegio? ¿Cuantas personas va a tu colegio? ¿Tienes que pagar dinero para atender tu colegio? ¿Cuantos clases tienes durante tu dia escolar? ¿Cual clase es tu favorito? ¿Cual clase no te gusta? ¿Todos los estudiantes tienen las mismas clases? ¿Comes el almuerzo durante la dia escolar o despues del colegio? ¿Que te gusta hacer cuando termines colegio? ¿Que hacen la mayoria de los estudiantes despues del colegio? ¿Que haces por los fines de semana? ¿Juegas deportes? ¿Si juegas deportes^ juegas por un club o por el colegio? ¿ Si juegas deportes cuales juegas? ¿Que te gusta hacer con tus amigos? ¿Que te gusta hacer solo? ¿Estas en algunes clubes?.<br></p><p>Gracias por decirme lo que te gusta hacer durante tu semana.</p>,B2,3743142,51,K4778206,You are working on a project for your Social Studies class about the differences in schedules for teens around the world. You decide to write to your penpal in Spain to find out more about his weekly schedule.Write an email to your penpal. Ask him lots of questions to learn about what he does each week. Ask him about his school schedule and other activities that he does regularly.,I,1,I5,,4428,,,,2021-06-20,1-I-MF
45,DAILY_SCHEDULE_ROUTINE,<p>Hola^</p><p>En mi classe de esudias social^ yo tengo una proyecto de como los dias de los adolecentes son differentes en el mundo. ¿Es possible para tu a ayudarme? Yo tengo muchos preguntas para tu^ pero no es necessario para to a respondarme. </p><p>Primero^ ¿que es la tiempo que tu va a esculla? ¿Y es cierto que to va a esculla para cinco dias como mi? Lo siento si mi preguntas son estupidos pero es necessario para mi proyecto. Tambien^ en mi escuella son bloques para todos mi classes y los bloques cambio con la dia. ¿Es similar en tu escuella? Y duspues esculla^ ¿tienes una deporte que tu jugando o una otra classe para una instrumente que tu toca? Si tu tienes una actividad duspues ecualla^ ¿es la actividad todos los dias de la semana o solo es para dos o tres dias? Para mi es communa a solo regressar a mi casa en la noche porque yo tengo muchos responsibildads y actividads en mi esculla^ ¿es similar para tu tambien? </p><p>En general^ yo queiro a saber todos de su aciones durante la dia. </p><p>¡Muchos gracias!</p>,B2,3741760,19,L4776375,You are working on a project for your Social Studies class about the differences in schedules for teens around the world. You decide to write to your penpal in Spain to find out more about his weekly schedule.Write an email to your penpal. Ask him lots of questions to learn about what he does each week. Ask him about his school schedule and other activities that he does regularly.,I,1,I5,,4294,,,,2021-06-20,1-I-MF
46,DAILY_SCHEDULE_ROUTINE,<p>¿Hola Roberto^</p><p>Yo tengo un proyecto escolar acerca de las diferencias en los horarios en todo el mundo para los adolescentes. Me gustaría hacer algunas preguntas para comprender mejor. ¿Qué actividades realiza fuera de la escuela? ¿Cómo las maneja con el trabajo escolar? ¿Puede ser estresante a veces? ¿A qué hora comienza la escuela? ¿Cóomo son las clases? ¿Tiena tiempo libre entre clases? ¿Cuánto dura el día escolar?</p><p>Mejor^</p><p>Luke</p>,B2,3707452,70,J4737468,You are working on a project for your Social Studies class about the differences in schedules for teens around the world. You decide to write to your penpal in Spain to find out more about his weekly schedule.Write an email to your penpal. Ask him lots of questions to learn about what he does each week. Ask him about his school schedule and other activities that he does regularly.,I,1,I5,,3400,,,,2021-06-20,1-I-MF
47,DAILY_SCHEDULE_ROUTINE,<p>Querido Penpal^</p><p>Me encantaría saber más sobre tu horario diario y lo que haces en tu vida. Tengo algunas preguntas para usted.  ¿Cuál es tu rutina diaria? ¿Qué haces cuando te despiertas?  ¿Te cepillas los dientes y desayunas antes de la escuela? ¿Te duchas por las mañanas o por la noche?  ¿Qué tiempo do you go to school todos los dias?  Mi día escolar comienza a las siete y media en la mañana^ pero sé que muchos lugares comienzan más tarde.  ¿Qué haces cuando llegas a casa de la escuela?  ¿Cuáles son tus actividades extracurriculares favoritas? ¿Practicas algún deporte en tu escuela como fútbol o baloncesto?  Me encanta correr por la tarde.  ¿Haces alguna actividad nocturna similar? No puedo esperar a escuchar tus repuestas.</p><p>Sinceramente Josh</p>,B2,3745356,45,B4783089,You are working on a project for your Social Studies class about the differences in schedules for teens around the world. You decide to write to your penpal in Spain to find out more about his weekly schedule.Write an email to your penpal. Ask him lots of questions to learn about what he does each week. Ask him about his school schedule and other activities that he does regularly.,I,1,I5,,473,,,,2021-06-20,1-I-MF
51,FAMILY,<p>Hola^ </p><p>Hago muchas cosas con mi familia en mi pais. Vivo en los Estados Unidos en el estado de Maine. Es un estado en el noreste del pais. El estado tien una costa muy larga y hay mucho bosque. En el verano nos gustamos ir a la playa para nadar en el mar Atlantico. Tambien nos gustamos caminar por los montañas que existe en el estado. Es un estado muy rural y por eso quedamos atras de la casa en la naturaleza por un gran parte del verano. Hay muchos parques donde a canchas donde puedo jugar futbol o baloncesto con otros ninos de mi barrio. Durante el invierno es muy frio y no podemos ir a la playa o jugar en el parque pero podemos ir a las montañas para eskiar. El eski es un deporte muy popular en mi estado y cada fin de semana en el invierno vamos a las montañas para eskiar. Tambien en el invierno podemos patinar por los lagos que estan congelado. Somos una familia que le gusta las actividades en la naturaleza y nos gustamos los deportes^ por eso hacemos lo que hacemos durante el año.</p>,B2,3743142,51,K4778206,Your penpal from Spain wrote you an email. She wants to know more about family life in your country.Write an email response to your penpal in which you describe how you or others spend time with family. Tell her as much as you can about the kinds of activities people enjoy doing together as a family.,I,1,I5,,4428,,,,2021-06-20,1-I-MF
52,FAMILY,<br><p>Hola!</p><p>En mi opinión^ la vida de familias en los Estados Unidos no es muy differente que la vida de familias en Espana. Pero también^ yo no sé mucho de la vida de familias en Espana. </p><p>Para mi^ mi familia no es un gran parte de mi vida. Yo amo mi Tios y Tias pero^ ellos viven una gran distancia de me. Para mi a vistar ellos^ es nessasario a van en una autobús^ carro^ o una avion para muchas horas. Los Estados Unidos es una pais muy grande^ asi que la distancia de mi familia es muy grande tambien. Solo vio ellos durante Navidad o si ellos van a mi casa para una vacacion. (Dondé yo vivo es una parte de la pais que es muy bonita^ asi que es una destinacion popular para muchas personas!) También^ yo vio la familia de mi padre menos de la familia de mi madre. Actualmente es raro para mi a visistar la familia de mi padre^ yo no sé porque pero cuando yo visitar familia probablamente es la familia de mi Madré.</p><p>Pero^ cuandou soy con mi famillia^ yo veo peliculas con mi tias^ ellas amos peliculas que son romanticos. Tambien es commun a va una resturante con todo de me famillia^ y es una tradicion a comé comida de Italia en la noche de navidad. Para mucho de la tiempo^ </p><p>Pero^ mi experiencia no es la solo experiencia de personas en los Estados Unidos. Yo vive en una publa muy pucenia^ y muchos de mis amigos y otros estudiantes en mi escuella tiene muchos tias^ tios^ abullas^ o abuellos que vive en la publa. Asi que es muy commun para ellos a visitan sus familias. Ellos tiene famillias muy differentes a mi^ la famillias de ellos son muy muy grande! Yo tengo una chica en mi classe que se llama Jane y ella es famillia con muchos proffesoras y estudiantes en mi escuella. Es triste para ella porque muchos de los chicos en mi escuella son famillia con ella^ as que es dificil para ella a encontrar un novio. </p><p><br></p>,B2,3741760,19,L4776375,Your penpal from Spain wrote you an email. She wants to know more about family life in your country.Write an email response to your penpal in which you describe how you or others spend time with family. Tell her as much as you can about the kinds of activities people enjoy doing together as a family.,I,1,I5,,4294,,,,2021-06-20,1-I-MF
53,FAMILY,<p>Quierdo Penpal^</p><p>En mi familia^ yo tengo mi madre^ padre y mi hermano.  Mi familia es una familia tipica en los Estados Unidos.  Hay muchas formas en que la gente pasa tiempo con su familia en los Estados Unidos.  Paso mucho tiempo con mi familia.  Cada mañana nos levantamos y desayunamos juntos.  Hablamos de mi nuestros planes para la presa y lo que queremos hacer.  Muchos días^ cuando mis padres llegan a casa del trabajo^ cenamos juntos y vemos la televisión.  Los dines de semana cuando tenemos tiempo libre jugaremos un juego de mesa o veramos una película.  En el pasado^ durante el verano^ mi hermano y yo jugamos al fútbol en un equipo^ así que practicamos en nuestro patio.  Tambien yo jugé los videojuegos con mi hermano mucho.  En el futuro^ me gustaría pasar mucho tiempo con mi familia.  Quiero ir de acampamento este verano y pasar una semana entera con ellos.</p><p>Sinceramente Josh</p>,B2,3745356,45,B4783089,Your penpal from Spain wrote you an email. She wants to know more about family life in your country.Write an email response to your penpal in which you describe how you or others spend time with family. Tell her as much as you can about the kinds of activities people enjoy doing together as a family.,I,1,I5,,473,,,,2021-06-20,1-I-MF
54,FAMILY,<p>Hola^ yo soy de Boston con mi mama^ mi hermano^ y mi perro^ garnett. mi familia y yo tenemos desayuno juntos. En la verano^ mi mama y yo vamos al vacacion para el caribe. Cuando no estamos de vacaciones^ nosotros hablar con mis amigos o trabajar. mi mejor amiga y yo vamos mucho activitades en lugares diferente. tambien yo juego con mi perro. </p>,B2,3691822,10,T4719164,Your penpal from Spain wrote you an email. She wants to know more about family life in your country.Write an email response to your penpal in which you describe how you or others spend time with family. Tell her as much as you can about the kinds of activities people enjoy doing together as a family.,I,1,I1,I-MM,3543,,,,2021-06-20,2-I-MM
0,ACTIVITIES,<p>Hola^</p><p>Yo vivo en Estados Unidos. En el verano^<span style=|font-size: 1em:|> el tiempo es muy bueno. </span><span style=|font-size: 1em:|>Después la escuela^ mis amigos y yo vamos la playa. Nosotros nadamos y jugamos el voleibol. En Estados Unidos^ el verano hace calor. Yo necesito usar las gafas de sol^ la camiseta y las sandalias. Cuándo yo quiero comer^ yo voy un cafe cerca de playa. Ellos tiene buena comida y me gustan su ensalada de pescado. Cuándo fresco en el verano^ estudiantes van escalar las montañas o ir en bicicleta. El paisaje está muy bonita. Mi estación favorito es el verano!</span></p><p><span style=|font-size: 1em:|>Chau^</span></p><p><span style=|font-size: 1em:|>Jackie</span></p>,A2,3703284,44,N4732191,Your penpal in Spain wants to know what students do during the summer where you are.Write an email to your penpal. Tell her what kinds of activities you or your classmates do during the summer where you live. Give as much information as possible.,N,1,I4,,4294,,,,2021-06-20,N-MF
1,ACTIVITIES,<p>En verano en New england^ niños juegue deportes como beisbol^ futbol americano^ y futbol. Tambien^ estudiantes leen libros por escuela en otoño.</p>,A2,3721587,12,A4752297,Your penpal in Spain wants to know what students do during the summer where you are.Write an email to your penpal. Tell her what kinds of activities you or your classmates do during the summer where you live. Give as much information as possible.,N,1,I1,,3389,,,,2021-06-20,N-MF
2,ACTIVITIES,<p>¡Hola amigo! Vivo en Delaware en los estados unidos y en el verano me gusta ir a la playa con mis amigos. En la playa jugamos fútbol y fútbol americano pero no soy mucho bien a jugando deportes pero los deportes me parece divertidos. Tambien^ mis amigos y yo nos gusta ir a la centrocomercial a comprar ropa nueva. En la centrocomercial hay muchas variedad de ropa porque hay muchas tiendas. Si no tenemos dinero^ nosotros solemente ver a la ropa porque no necesitamos comprar ropa a tener un bueno tiempo. En los años pasados^ fui a una festival de musica en el verano pero este año hay nada festivales porque es un poco peligroso con el virus. Tambien^ en verano muchas estudiantes viajan con sus familias a otros países o estados. Este verano^ mi familia y yo vamos a viajar a Seattle^ Washington^ y estoy muy emocionada sobre la vacacíon porque hay muchas montañas cerca de Seattle y son muy bonitas. Mi familia vamos a viajar a un otro estado pero mis amigos van a viajar a otros países por ejemplo Iceland o Bora Bora. ¿Muchos estudiantes viajan con sus familias donde tú eres de? Si tú viajas^ debes visitarme y puedes ir a la playa conmigo.</p>,A2,3744588,74,K4781306,Your penpal in Spain wants to know what students do during the summer where you are.Write an email to your penpal. Tell her what kinds of activities you or your classmates do during the summer where you live. Give as much information as possible.,N,1,I4,,3389,,,,2021-06-20,N-MF
24,TECHNOLOGY,<p>Hola^</p><p>Mi escuela está granda^ tiene mucha computadoras para los estudiantes y los profesores. En la clase de química y la clase de historia^ mis profesoras usa la pizarra y la tiza. Pero en la clase de inglés^ la clase de matemáticas y la clase de español^ mis profesoras usa un |Smartboard|^ es muy moderno y conveniente. Yo uso mi computadora y mi teléfono para estudiar. Yo tengo dos computadoras. Computadora uno es de mi escuela y computadora dos es de mis padres. Mis amigas y yo usamos nuestras teléfonos para conversar por la noche. Nosotros tambien jugamos videojuegos con nuestras computadoras. Cuándo hay una prueba o un examen nosotros usamos las computadoras. </p><p>Chau^<br></p><p>Jackie</p>,A2,3703284,44,N4732191,Your penpal is really interested in technology. He wants to know what kinds of technologies you and your classmates use at school and at home.Write an email message to your penpal. Tell him how you and your friends use different kinds of technology at school and at home. Give as much information as possible.,N,1,I4,,4294,,,,2021-06-20,N-MF
25,TECHNOLOGY,<p>¡Buenos dÍas! </p><p>Donde vivo^ usamos mucha tecnologia en nuestro escuela y en nuestro casas. En escuela todos los estudiantes tienen una computadora a usar para tarea y usamos los computadoras en todos de mi clases para communicacíon con los maestros especialmente con quarentina. Tambien^ en todos de los espacios de la escuela hay bordas de |intelegente| porque no son normalmente bordas que usas bolís con^ es una computadora grande en el pared. Los maestros usan los para enseñar.<br></p><p>En nuestro casas normalmente usamos nuestros telefonos celular para communicacíon con amigos o familia y podemos mirar peliculas en nuestros telefonos. Uso mi telefono celular para ayuda con mi tarea de matemáticas porque tiene una calculadora. Tambien en mi casa tenemos un televisíon que mi famila usan para mirar pelicilas. Me gusta usar el televisíon a mirar |Friends| porque no puede mirar en mi telefono celular porque no está en Netflix. ¿Qué tecnologia usas en tu clase o casa?</p><p>¡Que tenga un buen día!</p>,A2,3744588,74,K4781306,Your penpal is really interested in technology. He wants to know what kinds of technologies you and your classmates use at school and at home.Write an email message to your penpal. Tell him how you and your friends use different kinds of technology at school and at home. Give as much information as possible.,N,1,I4,,3389,,,,2021-06-20,N-MF
42,TECHNOLOGY,<p>Nos usamos tecnologia en escuela a aprendamos. Usamos computadoras a completa tarea en la casa. Usamos telefono mobil a vista videos por clase.</p>,A2,3721587,12,A4752297,Your penpal is really interested in technology. He wants to know what kinds of technologies you and your classmates use at school and at home.Write an email message to your penpal. Tell him how you and your friends use different kinds of technology at school and at home. Give as much information as possible.,N,1,I1,,3389,,,,2021-06-20,N-MF
48,ENTERTAINMENT,<p>Hola^</p><p>En Estados Unidos^ personas le gusta mirar muchas cosas. En mi familia^ nosotros mirar televisión^ teléfono y computadora. Mi padre ver peliculas por la noche. Por ejemplo^ su favorito son las peliculas de acción. Mi hermano tiene diez años y él también le gusta las peliculas de acción. Pero no me gusta las peliculas de acción. Yo veo programas en mi computadora después escuela. Mis programas favoritos son |Friends| (Amigos) y |The Office| (La Oficina) porque están muy graciosa y loca. Por lo general^ personas en Estados Unidos le gusta mirar deportes. Baloncesto^Fútbol y Béisbol es muy popular. Personas prefiere ver la deportes durante su tiempo libre. Ellos comen y miran con su familia^ la actividad es muy feliz. </p><p>Chau^</p><p>Jackie</p>,A2,3703284,44,N4732191,Your penpal from Venezuela wrote you a letter about watching funny videos of cats on her phone. She wants to know what people like to watch where you live.Write back to your penpal. Tell her about what people like to watch where you live. Give as much information about their viewing habits as possible.,N,1,I4,,4294,,,,2021-06-20,N-MF
49,ENTERTAINMENT,<p>personas vista mucho videos en la telefono mobil. Videos de deportes^ videos comico^ y videos de noticias.</p>,A2,3721587,12,A4752297,Your penpal from Venezuela wrote you a letter about watching funny videos of cats on her phone. She wants to know what people like to watch where you live.Write back to your penpal. Tell her about what people like to watch where you live. Give as much information about their viewing habits as possible.,N,1,I1,,3389,,,,2021-06-20,N-MF
50,ENTERTAINMENT,<p>¡Hola chica! Yo tambien me gusta mirar videos de gatos en mi telefono celular. Donde yo vivo mucha gente mirar videos en TikTok^ una cosa puedes abrir en tu telefono celular. En TikTok personas pueden hacer videos de sus amigos o sus mascotas o todos y otros personas pueden mirar este video. Me gusta mirar videos sobre Taylor Swift y gatos o perros. Tambien mi novio le gusta videos de gatos y perros^ mismo a tú^ pues cuando veo un video en TikTok de un gato o perro ensendo el video a mi novio. Puedes pasar mucho tiempo cuando mirar videos en TikTok pero mucha gente mirar peliculas y series en Netflix o Disney Plus por ejemplo. Mi series favorita en Disney Plus es WandaVision y mis amigos le gusta la series tambien. Mire WandaVision dos tiempos porque es muy interesante. Tambien^ mucha gente le gusta mirar las peliculas de Harry Potter pero creo que los libros son mejor que las peliculas. Lee los libros de Harry Potter y mira las peliculas y me digas si crees que las peliculas son mejor o menor que los libros. ¡Adiós!<br></p>,A2,3744588,74,K4781306,Your penpal from Venezuela wrote you a letter about watching funny videos of cats on her phone. She wants to know what people like to watch where you live.Write back to your penpal. Tell her about what people like to watch where you live. Give as much information about their viewing habits as possible.,N,1,I4,,3389,,,,2021-06-20,N-MF
